data;praca;categoria_1;categoria_2;categoria_3;categoria_4;categoria_5;categoria_6;categoria_7;categoria_8;categoria_88;categoria_9;veiculosDia;valorDia;Id
01/01/2017 00:00:00;PRAIA DO SOL;23637;202;76;87;2;5;2;6;261;1178;25456;225616,1000;29496
02/01/2017 00:00:00;PRAIA DO SOL;20110;335;79;120;5;29;6;15;307;788;21794;197074,1000;29497
03/01/2017 00:00:00;PRAIA DO SOL;15890;344;62;139;2;28;21;10;291;766;17553;159756,7000;29498
04/01/2017 00:00:00;PRAIA DO SOL;15946;386;68;144;0;27;18;15;282;706;17592;161073,7000;29499
05/01/2017 00:00:00;PRAIA DO SOL;16597;387;50;133;1;31;13;22;323;772;18329;167019,4000;29500
06/01/2017 00:00:00;PRAIA DO SOL;20397;468;90;145;6;25;10;13;310;879;22343;203252,5500;29501
07/01/2017 00:00:00;PRAIA DO SOL;23306;281;93;113;3;9;6;1;229;1103;25144;224728,8500;29502
08/01/2017 00:00:00;PRAIA DO SOL;26882;242;105;96;2;10;4;2;214;1123;28680;255984,8500;29503
09/01/2017 00:00:00;PRAIA DO SOL;15500;387;53;128;2;23;10;15;284;713;17115;155961,3500;29504
10/01/2017 00:00:00;PRAIA DO SOL;12786;356;34;143;0;22;10;16;321;692;14380;131095,4000;29505
11/01/2017 00:00:00;PRAIA DO SOL;13462;376;48;134;1;28;7;17;280;717;15070;137866,6500;29506
12/01/2017 00:00:00;PRAIA DO SOL;13573;413;58;129;0;22;18;17;282;614;15126;139136,3000;29507
13/01/2017 00:00:00;PRAIA DO SOL;18967;441;74;163;4;28;10;24;290;759;20760;190487,5500;29508
14/01/2017 00:00:00;PRAIA DO SOL;20476;303;92;114;2;9;9;4;254;884;22147;198972,8000;29509
15/01/2017 00:00:00;PRAIA DO SOL;22080;245;83;108;1;12;3;1;235;800;23568;211365,5000;29510
16/01/2017 00:00:00;PRAIA DO SOL;13797;385;54;155;0;29;12;19;286;687;15424;141891,1500;29511
17/01/2017 00:00:00;PRAIA DO SOL;11823;359;39;148;2;27;13;23;321;634;13389;123101,8000;29512
18/01/2017 00:00:00;PRAIA DO SOL;12255;486;51;225;3;89;71;73;323;683;14259;140005,8500;29513
19/01/2017 00:00:00;PRAIA DO SOL;13143;401;41;145;1;24;16;36;306;707;14820;136692,6500;29514
20/01/2017 00:00:00;PRAIA DO SOL;18352;438;62;137;6;33;16;21;327;806;20198;184450,7000;29515
21/01/2017 00:00:00;PRAIA DO SOL;19897;315;71;111;7;8;10;3;243;945;21610;193929,7500;29516
22/01/2017 00:00:00;PRAIA DO SOL;23167;235;90;103;6;7;1;4;275;972;24860;221675,4000;29517
23/01/2017 00:00:00;PRAIA DO SOL;13587;320;51;122;2;35;6;14;305;757;15199;137797,1500;29518
24/01/2017 00:00:00;PRAIA DO SOL;10880;418;29;153;3;26;11;19;319;698;12556;115754,6000;29519
25/01/2017 00:00:00;PRAIA DO SOL;11372;395;32;141;5;27;15;10;315;732;13044;119501,4000;29520
26/01/2017 00:00:00;PRAIA DO SOL;12004;428;18;141;6;25;14;17;337;693;13683;125537,8500;29521
27/01/2017 00:00:00;PRAIA DO SOL;17016;389;55;131;5;34;14;15;294;809;18762;170905,5500;29522
28/01/2017 00:00:00;PRAIA DO SOL;18201;260;64;112;8;7;12;2;250;888;19804;177417,6000;29523
29/01/2017 00:00:00;PRAIA DO SOL;21138;188;65;86;5;11;8;5;201;957;22664;202227,1500;29524
30/01/2017 00:00:00;PRAIA DO SOL;12396;358;56;139;3;30;25;15;298;689;14009;128805,0500;29525
31/01/2017 00:00:00;PRAIA DO SOL;9542;369;33;138;5;23;11;18;298;628;11065;101925,1000;29526
01/01/2017 00:00:00;TERCEIRA PONTE;51870;127;44;12;2;1;0;0;774;2592;55422;50787,6000;29527
02/01/2017 00:00:00;TERCEIRA PONTE;71363;444;94;13;5;4;0;2;1442;7762;81129;72336,1000;29528
03/01/2017 00:00:00;TERCEIRA PONTE;73483;458;106;6;9;2;0;0;1482;8833;84379;74844,1000;29529
04/01/2017 00:00:00;TERCEIRA PONTE;74732;485;97;6;4;2;0;0;1505;9001;85832;76135,4500;29530
05/01/2017 00:00:00;TERCEIRA PONTE;77202;499;95;7;2;0;0;0;1454;9126;88385;78553,4500;29531
06/01/2017 00:00:00;TERCEIRA PONTE;79448;551;135;13;11;4;0;1;1482;9264;90909;80959,1500;29532
07/01/2017 00:00:00;TERCEIRA PONTE;63453;266;136;16;12;1;0;0;981;4739;69604;63180,9000;29533
08/01/2017 00:00:00;TERCEIRA PONTE;55981;181;105;19;10;2;0;0;746;3295;60339;55236,3500;29534
09/01/2017 00:00:00;TERCEIRA PONTE;76935;623;91;17;4;6;0;0;1295;9325;88296;78674,4500;29535
10/01/2017 00:00:00;TERCEIRA PONTE;77602;672;90;36;2;3;0;0;1275;9741;89421;79625,9500;29536
11/01/2017 00:00:00;TERCEIRA PONTE;80770;677;85;30;3;1;0;0;1283;9795;92644;82639,5500;29537
12/01/2017 00:00:00;TERCEIRA PONTE;81586;738;86;25;3;3;0;1;1276;9236;92954;83279,5500;29538
13/01/2017 00:00:00;TERCEIRA PONTE;83702;763;118;26;12;0;0;0;1270;9260;95151;85395,7000;29539
14/01/2017 00:00:00;TERCEIRA PONTE;64978;538;121;18;5;5;0;0;729;4953;71347;65229,3500;29540
15/01/2017 00:00:00;TERCEIRA PONTE;55111;377;101;38;3;5;0;0;507;3068;59210;54726,7500;29541
16/01/2017 00:00:00;TERCEIRA PONTE;78005;687;91;30;11;4;0;0;1071;9119;89018;79762,6000;29542
17/01/2017 00:00:00;TERCEIRA PONTE;78351;630;63;29;9;4;0;0;1150;9581;89817;80145,0500;29543
18/01/2017 00:00:00;TERCEIRA PONTE;79303;725;114;29;7;4;0;1;1157;9657;90997;81337,4500;29544
19/01/2017 00:00:00;TERCEIRA PONTE;79303;684;84;32;4;0;0;0;1178;9745;91030;81239,1000;29545
20/01/2017 00:00:00;TERCEIRA PONTE;83844;767;85;20;11;0;0;0;1211;9898;95836;85760,1000;29546
21/01/2017 00:00:00;TERCEIRA PONTE;63642;461;139;22;4;0;0;0;835;4816;69919;63767,9000;29547
22/01/2017 00:00:00;TERCEIRA PONTE;55024;363;98;43;8;3;0;0;590;3378;59507;54768,9500;29548
23/01/2017 00:00:00;TERCEIRA PONTE;78042;741;77;33;10;1;0;0;1169;9501;89574;80047,9000;29549
24/01/2017 00:00:00;TERCEIRA PONTE;78783;723;76;28;9;0;1;0;1200;9786;90606;80829,3000;29550
25/01/2017 00:00:00;TERCEIRA PONTE;79463;772;74;34;4;1;0;0;1112;10132;91592;81727,9500;29551
26/01/2017 00:00:00;TERCEIRA PONTE;81376;803;85;29;4;0;0;0;1138;9957;93392;83522,8000;29552
27/01/2017 00:00:00;TERCEIRA PONTE;85430;820;98;40;5;3;0;0;1184;10082;97662;87525,5000;29553
28/01/2017 00:00:00;TERCEIRA PONTE;66195;560;129;18;4;3;0;0;663;5044;72616;66469,9500;29554
29/01/2017 00:00:00;TERCEIRA PONTE;55573;434;90;27;7;5;0;0;449;3279;59864;55329,7500;29555
30/01/2017 00:00:00;TERCEIRA PONTE;78471;800;78;23;6;0;0;0;1063;9671;90112;80605,5500;29556
31/01/2017 00:00:00;TERCEIRA PONTE;80256;735;85;23;11;3;0;0;1110;9546;91769;82152,2500;29557
01/02/2017 00:00:00;PRAIA DO SOL;8776;371;28;120;2;23;11;18;300;650;10299;94629,5000;29558
02/02/2017 00:00:00;PRAIA DO SOL;9245;424;45;109;3;24;11;14;303;652;10830;99538,9000;29559
03/02/2017 00:00:00;PRAIA DO SOL;12123;387;39;125;6;20;22;13;287;637;13659;125329,1500;29560
04/02/2017 00:00:00;PRAIA DO SOL;11260;229;37;92;3;12;3;4;200;534;12374;111658,8000;29561
05/02/2017 00:00:00;PRAIA DO SOL;11657;161;41;73;6;9;8;6;180;535;12676;113832,2500;29562
06/02/2017 00:00:00;PRAIA DO SOL;5297;170;22;66;3;23;16;12;169;382;6160;56905,9000;29563
07/02/2017 00:00:00;PRAIA DO SOL;3679;143;13;78;2;18;12;15;95;233;4288;41037,3500;29564
08/02/2017 00:00:00;PRAIA DO SOL;3852;144;8;51;0;18;7;10;67;256;4413;41387,2000;29565
09/02/2017 00:00:00;PRAIA DO SOL;3495;124;18;65;0;22;17;23;125;229;4118;39575,0500;29566
10/02/2017 00:00:00;PRAIA DO SOL;5309;150;12;49;3;14;7;19;83;235;5881;54910,7500;29567
11/02/2017 00:00:00;PRAIA DO SOL;5234;134;19;50;8;9;3;1;131;406;5995;53588,2000;29568
12/02/2017 00:00:00;PRAIA DO SOL;4630;54;13;25;0;3;3;3;64;348;5143;45446,1000;29569
13/02/2017 00:00:00;PRAIA DO SOL;6511;287;16;98;0;24;11;17;216;498;7678;71219,1000;29570
14/02/2017 00:00:00;PRAIA DO SOL;6951;383;24;96;4;29;12;13;228;518;8258;77158,1000;29571
15/02/2017 00:00:00;PRAIA DO SOL;7358;381;39;109;0;16;11;21;255;552;8742;81309,9000;29572
16/02/2017 00:00:00;PRAIA DO SOL;7908;412;40;128;0;32;15;17;235;649;9436;88290,7500;29573
17/02/2017 00:00:00;PRAIA DO SOL;9997;401;35;119;2;28;14;13;256;752;11617;106724,9000;29574
18/02/2017 00:00:00;PRAIA DO SOL;10742;196;67;72;8;13;4;6;176;799;12083;107834,0500;29575
19/02/2017 00:00:00;PRAIA DO SOL;11686;145;52;60;2;10;3;2;194;741;12895;114078,4500;29576
20/02/2017 00:00:00;PRAIA DO SOL;8334;341;32;128;6;36;19;18;273;685;9872;91383,2500;29577
21/02/2017 00:00:00;PRAIA DO SOL;8373;440;45;145;3;38;23;15;237;582;9901;94016,4000;29578
22/02/2017 00:00:00;PRAIA DO SOL;8916;388;30;111;3;37;15;19;244;642;10405;96762,9000;29579
23/02/2017 00:00:00;PRAIA DO SOL;9932;478;54;145;8;23;16;23;228;631;11538;108485,9500;29580
24/02/2017 00:00:00;PRAIA DO SOL;18313;454;114;190;4;25;21;7;249;871;20248;185936,9500;29581
25/02/2017 00:00:00;PRAIA DO SOL;18469;275;95;135;5;12;3;5;174;924;20097;181164,3000;29582
26/02/2017 00:00:00;PRAIA DO SOL;16165;145;36;70;2;4;4;4;164;928;17522;155176,6000;29583
27/02/2017 00:00:00;PRAIA DO SOL;17829;264;36;68;5;9;1;5;171;865;19253;172113,2500;29584
28/02/2017 00:00:00;PRAIA DO SOL;19516;202;71;78;5;9;7;4;161;871;20924;187165,4500;29585
01/02/2017 00:00:00;TERCEIRA PONTE;81302;604;102;33;6;0;0;0;1449;10463;93959;83341,1000;29586
02/02/2017 00:00:00;TERCEIRA PONTE;83297;487;94;9;4;2;0;0;1462;10100;95455;84774,9000;29587
03/02/2017 00:00:00;TERCEIRA PONTE;87256;524;107;9;11;0;0;0;1422;10092;99421;88626,5500;29588
04/02/2017 00:00:00;TERCEIRA PONTE;65676;279;112;3;11;1;0;0;891;4284;71257;65040,1500;29589
05/02/2017 00:00:00;TERCEIRA PONTE;50713;127;79;16;12;5;0;1;670;2952;54575;49950,7500;29590
06/02/2017 00:00:00;TERCEIRA PONTE;41722;376;46;13;17;0;0;0;793;5575;48542;42992,8000;29591
07/02/2017 00:00:00;TERCEIRA PONTE;30099;267;27;10;41;1;1;0;237;2725;33408;30480,3500;29592
08/02/2017 00:00:00;TERCEIRA PONTE;32313;271;30;11;25;1;0;0;153;3147;35951;32753,0500;29593
09/02/2017 00:00:00;TERCEIRA PONTE;34589;221;19;2;24;8;0;0;276;3067;38206;34767,9000;29594
10/02/2017 00:00:00;TERCEIRA PONTE;42677;272;54;3;44;7;0;1;245;3875;47178;43003,7500;29595
11/02/2017 00:00:00;TERCEIRA PONTE;38298;233;72;9;58;3;0;0;432;3087;42192;38463,0000;29596
12/02/2017 00:00:00;TERCEIRA PONTE;37069;112;38;1;7;5;1;0;367;2389;39989;36596,5000;29597
13/02/2017 00:00:00;TERCEIRA PONTE;74615;375;63;8;5;2;0;0;1659;9099;85826;75819,4000;29598
14/02/2017 00:00:00;TERCEIRA PONTE;79707;533;85;15;3;0;0;1;1554;9561;91459;81209,9500;29599
15/02/2017 00:00:00;TERCEIRA PONTE;81063;592;88;12;5;2;0;0;1579;10013;93354;82815,0000;29600
16/02/2017 00:00:00;TERCEIRA PONTE;83837;543;106;10;4;3;0;0;1622;10665;96790;85672,0000;29601
17/02/2017 00:00:00;TERCEIRA PONTE;89262;825;123;19;4;2;0;0;1317;10872;102424;91500,3500;29602
18/02/2017 00:00:00;TERCEIRA PONTE;73143;473;176;6;5;2;0;0;886;5634;80325;73200,4500;29603
19/02/2017 00:00:00;TERCEIRA PONTE;54901;293;113;20;8;3;0;0;738;3347;59423;54460,6000;29604
20/02/2017 00:00:00;TERCEIRA PONTE;81727;606;97;5;8;2;0;0;1552;10683;94680;83772,2500;29605
21/02/2017 00:00:00;TERCEIRA PONTE;82327;746;69;24;5;1;0;0;1375;9868;94415;84246,9500;29606
22/02/2017 00:00:00;TERCEIRA PONTE;85546;855;71;26;5;2;0;0;1369;10759;98633;87925,3500;29607
23/02/2017 00:00:00;TERCEIRA PONTE;85659;729;71;13;6;3;0;0;1454;10799;98734;87779,9500;29608
24/02/2017 00:00:00;TERCEIRA PONTE;85608;717;146;56;2;11;1;0;1643;10802;98986;87965,1500;29609
25/02/2017 00:00:00;TERCEIRA PONTE;53286;402;101;15;4;0;0;0;967;4380;59155;53548,2500;29610
26/02/2017 00:00:00;TERCEIRA PONTE;38878;288;44;16;3;0;0;0;708;2733;42670;38824,0500;29611
27/02/2017 00:00:00;TERCEIRA PONTE;41136;405;39;16;4;0;0;0;844;3371;45815;41473,4500;29612
28/02/2017 00:00:00;TERCEIRA PONTE;42568;363;48;12;4;0;0;0;600;2960;46555;42570,3000;29613
01/03/2017 00:00:00;PRAIA DO SOL;18385;313;186;163;6;27;7;13;217;703;20020;183515,3500;29614
02/03/2017 00:00:00;PRAIA DO SOL;10127;370;26;134;3;33;16;14;268;704;11695;107757,8000;29615
03/03/2017 00:00:00;PRAIA DO SOL;10500;390;42;120;6;21;10;16;249;728;12082;110834,6000;29616
04/03/2017 00:00:00;PRAIA DO SOL;11155;212;43;92;4;6;2;2;199;729;12444;111005,5500;29617
05/03/2017 00:00:00;PRAIA DO SOL;12561;129;52;85;6;7;4;2;176;762;13784;122406,9000;29618
06/03/2017 00:00:00;PRAIA DO SOL;8287;337;35;121;0;33;16;13;312;711;9865;90360,4500;29619
07/03/2017 00:00:00;PRAIA DO SOL;7681;351;39;112;2;26;20;18;290;638;9177;84797,6000;29620
08/03/2017 00:00:00;PRAIA DO SOL;7649;367;20;127;0;35;23;15;324;591;9151;84997,9500;29621
09/03/2017 00:00:00;PRAIA DO SOL;8364;398;34;116;2;30;19;11;390;651;10015;91708,9500;29622
10/03/2017 00:00:00;PRAIA DO SOL;10122;386;40;126;2;34;21;16;275;702;11724;108234,9000;29623
11/03/2017 00:00:00;PRAIA DO SOL;10624;209;40;84;7;8;4;3;188;884;12051;106875,8000;29624
12/03/2017 00:00:00;PRAIA DO SOL;11490;133;67;58;2;8;3;6;166;780;12713;112582,5000;29625
13/03/2017 00:00:00;PRAIA DO SOL;8102;339;24;125;5;39;21;20;260;714;9649;89622,3000;29626
14/03/2017 00:00:00;PRAIA DO SOL;7573;397;29;112;2;22;15;14;262;643;9069;83937,8500;29627
15/03/2017 00:00:00;PRAIA DO SOL;7715;380;19;111;1;27;17;18;281;673;9242;85457,3500;29628
16/03/2017 00:00:00;PRAIA DO SOL;7778;400;26;121;4;31;11;23;272;631;9297;86606,9500;29629
17/03/2017 00:00:00;PRAIA DO SOL;10137;409;29;114;6;26;17;21;284;756;11799;108560,7000;29630
18/03/2017 00:00:00;PRAIA DO SOL;10889;215;52;74;9;7;5;4;201;941;12397;109613,4500;29631
19/03/2017 00:00:00;PRAIA DO SOL;11214;162;35;68;3;5;8;3;162;515;12175;109198,2500;29632
20/03/2017 00:00:00;PRAIA DO SOL;8290;347;34;106;4;31;19;17;272;494;9614;89516,3000;29633
21/03/2017 00:00:00;PRAIA DO SOL;7299;364;27;101;6;31;17;23;292;606;8766;81415,2000;29634
22/03/2017 00:00:00;PRAIA DO SOL;7698;359;24;107;2;36;32;30;296;639;9223;86570,5500;29635
23/03/2017 00:00:00;PRAIA DO SOL;7791;372;27;107;4;25;19;27;297;654;9323;86407,8000;29636
24/03/2017 00:00:00;PRAIA DO SOL;9413;390;35;109;1;38;19;23;231;678;10937;101895,6000;29637
25/03/2017 00:00:00;PRAIA DO SOL;10408;224;39;80;5;12;6;11;200;781;11766;105323,9500;29638
26/03/2017 00:00:00;PRAIA DO SOL;10041;103;34;61;9;14;5;8;171;751;11197;99020,9500;29639
27/03/2017 00:00:00;PRAIA DO SOL;7868;309;23;113;7;44;30;23;273;608;9298;87031,1000;29640
28/03/2017 00:00:00;PRAIA DO SOL;7025;356;16;102;2;28;18;20;243;400;8210;77452,0000;29641
29/03/2017 00:00:00;PRAIA DO SOL;6976;359;17;101;1;33;19;22;288;575;8391;78217,2500;29642
30/03/2017 00:00:00;PRAIA DO SOL;7642;366;21;120;5;45;23;24;284;616;9146;85851,7000;29643
31/03/2017 00:00:00;PRAIA DO SOL;9648;422;26;113;7;38;29;31;240;726;11280;105857,7000;29644
01/03/2017 00:00:00;TERCEIRA PONTE;58694;314;106;36;3;8;0;0;1311;5658;66130;59189,1000;29645
02/03/2017 00:00:00;TERCEIRA PONTE;77069;559;79;26;6;3;2;0;1671;9804;89219;78906,4500;29646
03/03/2017 00:00:00;TERCEIRA PONTE;80858;541;103;3;5;1;0;0;1729;10441;93681;82707,5000;29647
04/03/2017 00:00:00;TERCEIRA PONTE;68105;247;110;8;9;0;0;0;1107;5423;75009;67803,3000;29648
05/03/2017 00:00:00;TERCEIRA PONTE;58752;148;89;18;10;1;0;0;860;3895;63773;58047,0500;29649
06/03/2017 00:00:00;TERCEIRA PONTE;81823;478;75;14;4;2;0;0;1610;10755;94761;83639,9000;29650
07/03/2017 00:00:00;TERCEIRA PONTE;81368;518;80;14;5;6;0;0;1730;11026;94747;83429,7000;29651
08/03/2017 00:00:00;TERCEIRA PONTE;83418;668;78;11;4;3;0;0;1445;11052;96679;85649,2500;29652
09/03/2017 00:00:00;TERCEIRA PONTE;84489;511;80;9;10;7;0;0;1523;10864;97493;86307,5000;29653
10/03/2017 00:00:00;TERCEIRA PONTE;89751;618;75;20;6;0;0;0;1530;11259;103259;91677,6000;29654
11/03/2017 00:00:00;TERCEIRA PONTE;72863;329;139;8;6;1;0;0;890;5815;80051;72694,3000;29655
12/03/2017 00:00:00;TERCEIRA PONTE;60345;269;77;12;4;1;0;0;645;3852;65205;59725,6500;29656
13/03/2017 00:00:00;TERCEIRA PONTE;82267;699;52;18;8;3;0;0;1297;10995;95339;84580,2000;29657
14/03/2017 00:00:00;TERCEIRA PONTE;82107;596;77;18;3;3;0;0;1372;11051;95227;84283,2000;29658
15/03/2017 00:00:00;TERCEIRA PONTE;81668;543;57;14;5;4;0;0;1443;10204;93938;83352,5000;29659
16/03/2017 00:00:00;TERCEIRA PONTE;85049;558;81;7;5;4;0;0;1496;10588;97788;86779,4000;29660
17/03/2017 00:00:00;TERCEIRA PONTE;89264;589;86;13;8;0;0;0;1556;11197;102713;91131,2000;29661
18/03/2017 00:00:00;TERCEIRA PONTE;75007;350;140;12;14;0;0;0;909;5947;82379;74854,6000;29662
19/03/2017 00:00:00;TERCEIRA PONTE;54146;280;81;21;6;2;0;0;638;2819;57993;53431,5000;29663
20/03/2017 00:00:00;TERCEIRA PONTE;79436;519;79;8;9;2;0;0;1407;9209;90669;84786,5500;29664
21/03/2017 00:00:00;TERCEIRA PONTE;82327;522;83;19;10;1;0;0;1570;10872;95404;88468,9000;29665
22/03/2017 00:00:00;TERCEIRA PONTE;83030;655;89;24;10;0;0;0;1409;10812;96029;89430,9000;29666
23/03/2017 00:00:00;TERCEIRA PONTE;83989;631;84;10;8;0;0;0;1454;10915;97091;90334,7500;29667
24/03/2017 00:00:00;TERCEIRA PONTE;88342;778;84;32;6;1;0;0;1273;10788;101304;94990,6000;29668
25/03/2017 00:00:00;TERCEIRA PONTE;72508;464;113;9;1;0;0;0;732;5615;79442;76161,2500;29669
26/03/2017 00:00:00;TERCEIRA PONTE;54514;305;75;22;3;1;0;0;582;3670;59172;56964,0000;29670
27/03/2017 00:00:00;TERCEIRA PONTE;81540;680;56;24;5;0;0;0;1313;10110;93728;87615,5000;29671
28/03/2017 00:00:00;TERCEIRA PONTE;81397;614;53;35;1;0;0;0;1467;8638;92205;86698,6000;29672
29/03/2017 00:00:00;TERCEIRA PONTE;82110;606;67;22;3;0;0;0;1484;10630;94922;88278,0000;29673
30/03/2017 00:00:00;TERCEIRA PONTE;83503;643;58;22;7;1;0;0;1467;11188;96889;89994,6000;29674
31/03/2017 00:00:00;TERCEIRA PONTE;87317;621;76;16;5;4;0;0;1456;9839;99334;93174,5500;29675
01/04/2017 00:00:00;PRAIA DO SOL;9978;179;40;64;3;16;7;8;168;714;11177;99846,3000;29676
02/04/2017 00:00:00;PRAIA DO SOL;10073;128;31;56;4;13;2;3;176;687;11173;98740,6500;29677
03/04/2017 00:00:00;PRAIA DO SOL;7822;310;24;106;1;35;16;17;266;645;9242;85130,2500;29678
04/04/2017 00:00:00;PRAIA DO SOL;7218;382;25;88;2;35;22;16;258;617;8663;80861,1500;29679
05/04/2017 00:00:00;PRAIA DO SOL;7589;328;26;94;3;32;15;12;272;693;9064;83057,8500;29680
06/04/2017 00:00:00;PRAIA DO SOL;7652;381;23;110;3;29;12;25;263;652;9150;85048,9000;29681
07/04/2017 00:00:00;PRAIA DO SOL;9619;385;33;96;4;26;15;11;274;781;11244;102443,9500;29682
08/04/2017 00:00:00;PRAIA DO SOL;10143;221;58;80;4;12;10;4;180;774;11486;102921,3000;29683
09/04/2017 00:00:00;PRAIA DO SOL;10053;143;30;64;15;10;3;5;153;691;11167;99329,9500;29684
10/04/2017 00:00:00;PRAIA DO SOL;7763;326;33;113;6;33;13;17;265;675;9244;85088,2500;29685
11/04/2017 00:00:00;PRAIA DO SOL;7791;394;35;110;2;41;18;23;258;545;9217;86903,7500;29686
12/04/2017 00:00:00;PRAIA DO SOL;9058;408;30;131;9;39;23;28;263;677;10666;100167,6500;29687
13/04/2017 00:00:00;PRAIA DO SOL;12883;427;68;147;6;25;16;20;247;580;14419;133936,0000;29688
14/04/2017 00:00:00;PRAIA DO SOL;10842;125;26;79;1;8;10;4;182;391;11668;105068,9500;29689
15/04/2017 00:00:00;PRAIA DO SOL;11404;179;31;66;10;4;4;2;195;527;12422;111015,6500;29690
16/04/2017 00:00:00;PRAIA DO SOL;15993;142;61;100;6;7;4;7;196;629;17145;153733,5500;29691
17/04/2017 00:00:00;PRAIA DO SOL;8595;341;19;130;3;54;17;17;282;664;10122;94309,3000;29692
18/04/2017 00:00:00;PRAIA DO SOL;7654;355;27;110;1;35;15;17;288;548;9050;84217,1000;29693
19/04/2017 00:00:00;PRAIA DO SOL;7950;404;27;131;0;45;19;18;267;426;9287;88471,2000;29694
20/04/2017 00:00:00;PRAIA DO SOL;10890;446;46;130;7;32;21;27;308;695;12602;117167,7500;29695
21/04/2017 00:00:00;PRAIA DO SOL;12105;159;50;97;5;14;17;1;176;738;13362;119969,1000;29696
22/04/2017 00:00:00;PRAIA DO SOL;10297;224;19;73;6;10;4;3;195;707;11538;102888,6500;29697
23/04/2017 00:00:00;PRAIA DO SOL;10372;126;38;78;0;5;3;4;148;425;11199;100657,2500;29698
24/04/2017 00:00:00;PRAIA DO SOL;11274;208;47;83;7;21;9;6;190;413;12258;111615,3500;29699
25/04/2017 00:00:00;PRAIA DO SOL;7619;342;24;135;7;40;24;21;294;508;9014;84871,6000;29700
26/04/2017 00:00:00;PRAIA DO SOL;7311;368;21;106;6;39;28;25;291;644;8839;82781,3000;29701
27/04/2017 00:00:00;PRAIA DO SOL;8678;424;27;99;4;51;27;30;290;632;10262;96722,9000;29702
28/04/2017 00:00:00;PRAIA DO SOL;7956;319;18;131;1;50;29;21;142;461;9128;87731,4500;29703
29/04/2017 00:00:00;PRAIA DO SOL;10593;226;35;78;2;18;9;11;175;368;11515;105475,1000;29704
30/04/2017 00:00:00;PRAIA DO SOL;8447;105;18;44;4;8;5;4;165;396;9196;81961,2000;29705
01/05/2017 00:00:00;PRAIA DO SOL;11435;142;27;76;3;9;8;5;192;595;12492;111543,2500;29706
02/05/2017 00:00:00;PRAIA DO SOL;7792;380;13;101;2;33;13;17;293;595;9239;85434,2500;29707
03/05/2017 00:00:00;PRAIA DO SOL;7331;351;20;98;5;37;20;20;283;602;8767;81401,9000;29708
04/05/2017 00:00:00;PRAIA DO SOL;7514;396;29;117;2;40;21;26;277;632;9054;85319,9000;29709
05/05/2017 00:00:00;PRAIA DO SOL;9324;393;29;119;6;33;16;22;289;707;10938;101070,6500;29710
06/05/2017 00:00:00;PRAIA DO SOL;9703;243;39;63;3;21;8;5;203;788;11076;98875,1000;29711
07/05/2017 00:00:00;PRAIA DO SOL;9103;140;33;65;3;8;3;6;179;571;10111;90016,4500;29712
08/05/2017 00:00:00;PRAIA DO SOL;7700;292;28;107;4;34;17;19;281;615;9097;83844,7500;29713
09/05/2017 00:00:00;PRAIA DO SOL;7379;327;22;91;0;29;14;16;247;631;8756;80459,9500;29714
10/05/2017 00:00:00;PRAIA DO SOL;7494;342;26;108;0;34;14;17;280;612;8927;82598,4000;29715
11/05/2017 00:00:00;PRAIA DO SOL;7581;369;19;118;4;39;13;22;304;636;9105;84590,7000;29716
12/05/2017 00:00:00;PRAIA DO SOL;9390;374;26;116;5;37;20;15;254;569;10806;100677,0500;29717
13/05/2017 00:00:00;PRAIA DO SOL;9848;181;44;74;12;9;3;3;182;723;11079;98536,3500;29718
14/05/2017 00:00:00;PRAIA DO SOL;11209;117;25;53;5;9;2;6;202;658;12286;108565,6000;29719
15/05/2017 00:00:00;PRAIA DO SOL;8023;334;27;103;3;28;14;14;307;662;9515;86902,4000;29720
16/05/2017 00:00:00;PRAIA DO SOL;7209;367;20;93;6;34;20;15;297;581;8642;80192,4500;29721
17/05/2017 00:00:00;PRAIA DO SOL;7292;366;17;106;5;21;18;16;297;542;8680;80374,4000;29722
18/05/2017 00:00:00;PRAIA DO SOL;7515;377;26;100;4;30;24;16;289;464;8845;82902,8000;29723
19/05/2017 00:00:00;PRAIA DO SOL;8985;393;20;113;1;37;25;14;269;458;10315;96781,1000;29724
20/05/2017 00:00:00;PRAIA DO SOL;8620;157;28;71;2;13;8;7;192;454;9552;86071,3000;29725
21/05/2017 00:00:00;PRAIA DO SOL;7010;116;15;60;1;6;5;6;180;158;7557;68486,6000;29726
22/05/2017 00:00:00;PRAIA DO SOL;7286;303;16;96;1;33;18;12;256;357;8378;78169,6500;29727
23/05/2017 00:00:00;PRAIA DO SOL;6833;278;18;70;1;30;11;11;235;435;7922;72855,7500;29728
24/05/2017 00:00:00;PRAIA DO SOL;6796;329;13;93;0;38;16;14;280;334;7913;74444,8000;29729
25/05/2017 00:00:00;PRAIA DO SOL;7247;368;12;84;2;26;26;17;312;466;8560;79572,7000;29730
26/05/2017 00:00:00;PRAIA DO SOL;9086;387;32;105;6;37;28;12;295;639;10627;98594,5500;29731
27/05/2017 00:00:00;PRAIA DO SOL;8660;226;35;91;2;8;5;9;176;597;9809;88665,1500;29732
28/05/2017 00:00:00;PRAIA DO SOL;8849;122;30;55;6;11;8;5;167;521;9774;87251,4500;29733
29/05/2017 00:00:00;PRAIA DO SOL;7348;334;33;114;2;37;22;16;286;599;8791;81861,0500;29734
30/05/2017 00:00:00;PRAIA DO SOL;7014;382;22;124;8;43;27;19;287;623;8549;80460,3500;29735
31/05/2017 00:00:00;PRAIA DO SOL;7249;374;35;107;4;29;18;19;282;621;8738;81103,9500;29736
01/04/2017 00:00:00;TERCEIRA PONTE;72647;387;104;18;8;2;0;0;854;5050;79070;75927,5000;29737
02/04/2017 00:00:00;TERCEIRA PONTE;56560;262;85;21;9;1;0;0;661;3453;61052;58850,3500;29738
03/04/2017 00:00:00;TERCEIRA PONTE;82626;641;73;24;8;3;0;0;1315;10879;95569;89013,0500;29739
04/04/2017 00:00:00;TERCEIRA PONTE;83208;687;69;30;8;0;0;0;1433;11359;96794;89903,0500;29740
05/04/2017 00:00:00;TERCEIRA PONTE;82642;597;81;17;10;1;0;0;1460;11389;96197;89157,5500;29741
06/04/2017 00:00:00;TERCEIRA PONTE;84992;606;69;18;7;1;0;0;1479;11380;98552;91500,5000;29742
07/04/2017 00:00:00;TERCEIRA PONTE;89813;628;100;23;6;3;0;0;1450;11688;103711;96571,6000;29743
08/04/2017 00:00:00;TERCEIRA PONTE;75726;349;181;15;12;0;0;0;896;5832;83011;79388,9000;29744
09/04/2017 00:00:00;TERCEIRA PONTE;57441;291;117;30;7;1;0;0;672;3605;62164;59928,7500;29745
10/04/2017 00:00:00;TERCEIRA PONTE;83015;542;86;10;13;2;0;0;1497;11030;96195;89255,5000;29746
11/04/2017 00:00:00;TERCEIRA PONTE;84757;543;61;36;9;1;0;0;1503;10554;97464;90813,8000;29747
12/04/2017 00:00:00;TERCEIRA PONTE;86999;619;105;21;11;4;0;0;1528;11323;100610;93590,8500;29748
13/04/2017 00:00:00;TERCEIRA PONTE;83062;549;119;26;12;2;0;0;1454;8358;93582;88209,6000;29749
14/04/2017 00:00:00;TERCEIRA PONTE;47691;230;30;10;3;0;0;0;623;2631;51218;49415,9500;29750
15/04/2017 00:00:00;TERCEIRA PONTE;54397;273;87;5;4;0;0;0;885;4166;59817;56971,2000;29751
16/04/2017 00:00:00;TERCEIRA PONTE;53235;269;92;16;12;3;0;0;585;3295;57507;55477,7500;29752
17/04/2017 00:00:00;TERCEIRA PONTE;82317;698;82;40;8;5;0;0;1345;10800;95295;88852,0000;29753
18/04/2017 00:00:00;TERCEIRA PONTE;84590;766;71;31;3;1;0;0;1315;10741;97518;91164,9500;29754
19/04/2017 00:00:00;TERCEIRA PONTE;84855;616;98;16;10;1;0;0;1501;8776;95873;90255,2000;29755
20/04/2017 00:00:00;TERCEIRA PONTE;90357;772;95;45;5;8;0;0;1337;10950;103569;97148,0000;29756
21/04/2017 00:00:00;TERCEIRA PONTE;55102;244;130;17;12;0;0;0;654;3843;60002;57589,3500;29757
22/04/2017 00:00:00;TERCEIRA PONTE;60717;433;93;79;5;1;0;0;863;4719;66910;64097,0500;29758
23/04/2017 00:00:00;TERCEIRA PONTE;49552;546;85;43;0;0;0;0;569;2705;53500;52117,7500;29759
24/04/2017 00:00:00;TERCEIRA PONTE;52231;487;75;22;2;4;0;0;747;3506;57074;54981,2000;29760
25/04/2017 00:00:00;TERCEIRA PONTE;82502;704;59;40;9;6;0;0;1247;9901;94468;88615,9500;29761
26/04/2017 00:00:00;TERCEIRA PONTE;84737;654;66;22;10;2;0;0;1439;11324;98254;91333,8000;29762
27/04/2017 00:00:00;TERCEIRA PONTE;88465;799;81;23;5;2;0;0;1237;10854;101466;95155,8000;29763
28/04/2017 00:00:00;TERCEIRA PONTE;50462;291;69;17;18;3;0;1;245;4941;56047;53475,9500;29764
29/04/2017 00:00:00;TERCEIRA PONTE;70727;463;121;17;10;2;0;0;796;4305;76441;73850,7500;29765
30/04/2017 00:00:00;TERCEIRA PONTE;51001;346;86;11;7;1;0;0;540;2573;54565;53030,8500;29766
01/05/2017 00:00:00;TERCEIRA PONTE;49887;333;79;23;6;2;0;0;551;3255;54136;52225,2500;29767
02/05/2017 00:00:00;TERCEIRA PONTE;83540;580;85;19;7;4;0;0;1578;10900;96713;89819,5000;29768
03/05/2017 00:00:00;TERCEIRA PONTE;82841;538;91;23;13;2;0;0;1663;10978;96149;89096,6000;29769
04/05/2017 00:00:00;TERCEIRA PONTE;84512;542;83;20;5;3;0;0;1530;11375;98070;90921,2500;29770
05/05/2017 00:00:00;TERCEIRA PONTE;88516;529;88;23;11;3;0;0;1647;11820;102637;95128,0000;29771
06/05/2017 00:00:00;TERCEIRA PONTE;72673;281;166;20;7;7;0;0;960;5738;79852;76168,1000;29772
07/05/2017 00:00:00;TERCEIRA PONTE;53691;191;115;33;5;1;0;0;744;3244;58024;55818,3000;29773
08/05/2017 00:00:00;TERCEIRA PONTE;82092;487;83;11;3;8;0;0;1612;11048;95344;88233,1000;29774
09/05/2017 00:00:00;TERCEIRA PONTE;83594;500;102;21;3;0;0;0;1560;11115;96895;89817,7500;29775
10/05/2017 00:00:00;TERCEIRA PONTE;83242;534;119;11;6;1;0;0;1627;11522;97062;89722,4000;29776
11/05/2017 00:00:00;TERCEIRA PONTE;85130;488;81;19;2;0;0;0;1593;11256;98569;91353,7000;29777
12/05/2017 00:00:00;TERCEIRA PONTE;90077;519;89;16;9;5;0;0;1574;10356;102645;95994,7000;29778
13/05/2017 00:00:00;TERCEIRA PONTE;72727;273;142;11;7;2;0;0;996;5665;79823;76090,2500;29779
14/05/2017 00:00:00;TERCEIRA PONTE;59528;132;76;8;3;1;0;0;720;3676;64144;61594,2000;29780
15/05/2017 00:00:00;TERCEIRA PONTE;81330;577;85;22;5;2;0;0;1573;10861;94455;87582,9500;29781
16/05/2017 00:00:00;TERCEIRA PONTE;81467;503;90;27;4;1;0;0;1567;10847;94506;87582,1500;29782
17/05/2017 00:00:00;TERCEIRA PONTE;83326;533;103;10;5;0;0;0;1589;10443;96009;89285,8500;29783
18/05/2017 00:00:00;TERCEIRA PONTE;82355;487;67;19;6;1;0;0;1645;9538;94118;87794,6000;29784
19/05/2017 00:00:00;TERCEIRA PONTE;87378;521;84;21;3;2;0;0;1578;9338;98925;92825,1000;29785
20/05/2017 00:00:00;TERCEIRA PONTE;69361;264;133;7;4;1;0;0;973;4281;75024;72047,9500;29786
21/05/2017 00:00:00;TERCEIRA PONTE;46687;161;62;20;2;3;0;0;725;1363;49023;47791,3500;29787
22/05/2017 00:00:00;TERCEIRA PONTE;78423;500;69;20;9;0;0;0;1534;6137;86692;82366,1500;29788
23/05/2017 00:00:00;TERCEIRA PONTE;72018;399;73;13;1;3;0;0;1575;7045;81127;76148,7500;29789
24/05/2017 00:00:00;TERCEIRA PONTE;81009;468;67;20;4;0;0;0;1539;6571;89678;85070,4500;29790
25/05/2017 00:00:00;TERCEIRA PONTE;84285;480;127;6;9;0;1;0;1620;9005;95533;89528,7500;29791
26/05/2017 00:00:00;TERCEIRA PONTE;88184;562;110;16;7;1;0;0;1567;10549;100996;94286,0500;29792
27/05/2017 00:00:00;TERCEIRA PONTE;69961;323;127;25;6;4;0;0;1003;5388;76837;73325,1000;29793
28/05/2017 00:00:00;TERCEIRA PONTE;53948;150;79;26;11;0;0;1;750;3451;58416;56025,4500;29794
29/05/2017 00:00:00;TERCEIRA PONTE;80164;475;92;19;10;2;0;0;1647;10951;93360;86264,9500;29795
30/05/2017 00:00:00;TERCEIRA PONTE;81788;559;111;31;9;0;1;0;1520;11194;95213;88225,8000;29796
31/05/2017 00:00:00;TERCEIRA PONTE;82701;589;115;18;5;3;0;0;1502;11094;96027;89119,8000;29797
01/06/2017 00:00:00;PRAIA DO SOL;7343;402;29;110;2;31;17;22;281;622;8859;82611,4000;29798
02/06/2017 00:00:00;PRAIA DO SOL;9374;387;29;109;2;27;23;16;292;752;11011;101099,9000;29799
03/06/2017 00:00:00;PRAIA DO SOL;8846;205;37;64;2;8;3;6;187;712;10070;89482,9000;29800
04/06/2017 00:00:00;PRAIA DO SOL;9267;122;37;57;1;7;3;5;178;611;10288;91058,4500;29801
05/06/2017 00:00:00;PRAIA DO SOL;7715;323;29;117;5;33;24;11;278;651;9186;84801,4500;29802
06/06/2017 00:00:00;PRAIA DO SOL;7121;355;19;100;0;38;23;17;302;714;8689;80149,8000;29803
07/06/2017 00:00:00;PRAIA DO SOL;7400;391;28;101;6;37;18;14;312;677;8984;82941,6500;29804
08/06/2017 00:00:00;PRAIA DO SOL;7709;386;19;121;3;36;13;17;301;643;9248;85656,8500;29805
09/06/2017 00:00:00;PRAIA DO SOL;9335;371;36;113;4;31;17;13;302;700;10922;100207,0000;29806
10/06/2017 00:00:00;PRAIA DO SOL;9327;233;43;79;6;10;6;6;204;647;10561;94818,6500;29807
11/06/2017 00:00:00;PRAIA DO SOL;8913;153;44;68;7;11;1;10;186;594;9987;89178,3000;29808
12/06/2017 00:00:00;PRAIA DO SOL;7670;319;16;101;5;34;20;19;297;663;9144;84013,3500;29809
13/06/2017 00:00:00;PRAIA DO SOL;7706;374;26;100;2;38;13;19;317;635;9230;85058,7500;29810
14/06/2017 00:00:00;PRAIA DO SOL;10076;448;48;148;2;46;14;18;317;638;11755;109741,1000;29811
15/06/2017 00:00:00;PRAIA DO SOL;10380;177;45;84;4;12;7;21;212;597;11539;104127,1500;29812
16/06/2017 00:00:00;PRAIA DO SOL;10796;399;38;107;3;28;11;11;278;675;12346;112929,7500;29813
17/06/2017 00:00:00;PRAIA DO SOL;10604;197;27;92;0;6;9;3;247;715;11900;105795,2500;29814
18/06/2017 00:00:00;PRAIA DO SOL;13627;138;44;79;5;6;5;9;188;683;14784;131910,3500;29815
19/06/2017 00:00:00;PRAIA DO SOL;8138;314;23;131;2;34;18;12;314;665;9651;88625,7500;29816
20/06/2017 00:00:00;PRAIA DO SOL;7146;337;20;95;2;37;22;16;288;677;8640;79683,6500;29817
21/06/2017 00:00:00;PRAIA DO SOL;7372;377;23;103;4;38;16;14;300;470;8717;81521,0000;29818
22/06/2017 00:00:00;PRAIA DO SOL;8154;442;21;136;3;43;16;31;331;538;9715;92137,6000;29819
23/06/2017 00:00:00;PRAIA DO SOL;9410;401;30;134;3;28;26;16;317;554;10919;101681,3000;29820
24/06/2017 00:00:00;PRAIA DO SOL;9017;189;32;66;6;15;11;4;183;527;10050;90581,1500;29821
25/06/2017 00:00:00;PRAIA DO SOL;8652;114;21;58;10;9;3;7;193;468;9535;84869,1000;29822
26/06/2017 00:00:00;PRAIA DO SOL;7595;323;22;125;1;37;19;13;307;547;8989;83596,1500;29823
27/06/2017 00:00:00;PRAIA DO SOL;6493;325;25;101;0;35;26;18;264;293;7580;72309,3500;29824
28/06/2017 00:00:00;PRAIA DO SOL;7491;339;34;88;1;31;16;15;289;574;8878;81700,3000;29825
29/06/2017 00:00:00;PRAIA DO SOL;8452;333;34;104;2;27;15;11;273;631;9882;90521,9500;29826
30/06/2017 00:00:00;PRAIA DO SOL;8689;407;21;120;1;36;22;29;275;699;10299;96283,0500;29827
01/06/2017 00:00:00;TERCEIRA PONTE;83755;514;94;14;6;2;0;0;1635;11406;97426;90118,7000;29828
02/06/2017 00:00:00;TERCEIRA PONTE;88112;557;109;19;10;1;0;0;1611;11225;101644;94521,7500;29829
03/06/2017 00:00:00;TERCEIRA PONTE;68925;266;120;22;3;0;0;0;980;5399;75715;72138,5500;29830
04/06/2017 00:00:00;TERCEIRA PONTE;53583;161;86;20;8;1;0;0;781;3248;57888;55575,6000;29831
05/06/2017 00:00:00;TERCEIRA PONTE;81114;510;86;12;13;2;0;0;1620;10895;94252;87235,7500;29832
06/06/2017 00:00:00;TERCEIRA PONTE;82838;508;81;15;5;2;0;0;1637;11305;96391;89125,7500;29833
07/06/2017 00:00:00;TERCEIRA PONTE;84269;519;102;13;7;0;0;0;1609;11505;98024;90690,2500;29834
08/06/2017 00:00:00;TERCEIRA PONTE;86144;498;107;13;10;0;0;1;1703;11415;99891;92502,2500;29835
09/06/2017 00:00:00;TERCEIRA PONTE;89384;542;118;15;11;0;0;0;1614;11665;103349;95961,2500;29836
10/06/2017 00:00:00;TERCEIRA PONTE;72582;312;140;13;12;0;0;0;960;5268;79287;75849,6000;29837
11/06/2017 00:00:00;TERCEIRA PONTE;54311;179;94;22;13;1;0;0;746;3443;58809;56455,3500;29838
12/06/2017 00:00:00;TERCEIRA PONTE;83003;526;110;11;7;1;0;0;1616;11106;96380;89268,7000;29839
13/06/2017 00:00:00;TERCEIRA PONTE;84415;619;96;34;4;2;1;0;1659;11271;98101;90991,9500;29840
14/06/2017 00:00:00;TERCEIRA PONTE;87558;613;107;44;7;9;0;0;1616;10740;100694;93959,5000;29841
15/06/2017 00:00:00;TERCEIRA PONTE;51269;193;93;12;2;2;0;0;792;3708;56071;53511,1000;29842
16/06/2017 00:00:00;TERCEIRA PONTE;70375;462;88;9;12;1;0;0;1476;8460;80883;75293,0000;29843
17/06/2017 00:00:00;TERCEIRA PONTE;58547;239;115;9;6;1;0;0;953;4942;64812;61464,4000;29844
18/06/2017 00:00:00;TERCEIRA PONTE;52377;153;114;27;11;2;0;0;721;3337;56742;54466,6500;29845
19/06/2017 00:00:00;TERCEIRA PONTE;82646;522;98;29;6;7;0;0;1597;10954;95859;88893,3000;29846
20/06/2017 00:00:00;TERCEIRA PONTE;82357;507;73;17;8;2;0;0;1573;11257;95794;88621,1500;29847
21/06/2017 00:00:00;TERCEIRA PONTE;82983;549;60;27;8;3;0;0;1658;9714;95002;88651,3000;29848
22/06/2017 00:00:00;TERCEIRA PONTE;84438;518;107;11;4;0;0;0;1678;9185;95941;89808,7500;29849
23/06/2017 00:00:00;TERCEIRA PONTE;88823;492;111;20;4;0;0;0;1617;9272;100339;94213,9000;29850
24/06/2017 00:00:00;TERCEIRA PONTE;71207;279;137;13;4;2;0;0;996;4899;77537;74230,0500;29851
25/06/2017 00:00:00;TERCEIRA PONTE;51648;131;66;20;11;6;0;0;788;2733;55403;53344,8500;29852
26/06/2017 00:00:00;TERCEIRA PONTE;81002;490;94;9;5;1;0;0;1648;10095;93344;86706,7500;29853
27/06/2017 00:00:00;TERCEIRA PONTE;74701;543;51;19;3;5;0;0;1485;5763;82570;78539,8500;29854
28/06/2017 00:00:00;TERCEIRA PONTE;83891;552;94;20;7;3;2;0;1606;10290;96465;89862,5000;29855
29/06/2017 00:00:00;TERCEIRA PONTE;86147;549;111;18;3;1;0;0;1573;10592;98994;92241,9000;29856
30/06/2017 00:00:00;TERCEIRA PONTE;78862;604;97;29;6;2;0;0;1508;10903;92011;85228,8500;29857
01/07/2017 00:00:00;PRAIA DO SOL;9684;214;35;74;4;7;5;5;191;678;10897;97359,6000;29858
02/07/2017 00:00:00;PRAIA DO SOL;8582;116;36;57;5;6;6;2;159;295;9264;83347,7500;29859
03/07/2017 00:00:00;PRAIA DO SOL;7668;327;29;116;6;40;27;33;250;409;8905;84885,5500;29860
04/07/2017 00:00:00;PRAIA DO SOL;7258;323;22;98;3;29;20;28;267;417;8465;79633,6500;29861
05/07/2017 00:00:00;PRAIA DO SOL;7384;321;23;106;6;33;19;23;283;439;8637;80915,0500;29862
06/07/2017 00:00:00;PRAIA DO SOL;7736;402;30;103;2;38;15;26;281;445;9078;85689,2500;29863
07/07/2017 00:00:00;PRAIA DO SOL;9691;411;36;115;2;46;22;21;290;569;11203;104826,0500;29864
08/07/2017 00:00:00;PRAIA DO SOL;9074;212;37;66;10;12;9;6;200;704;10330;92291,3000;29865
09/07/2017 00:00:00;PRAIA DO SOL;8132;104;14;61;5;8;1;7;167;278;8777;78934,1000;29866
10/07/2017 00:00:00;PRAIA DO SOL;8198;356;16;122;3;40;15;16;251;549;9566;89428,0500;29867
11/07/2017 00:00:00;PRAIA DO SOL;7718;350;22;101;4;29;22;22;250;445;8963;84258,2500;29868
12/07/2017 00:00:00;PRAIA DO SOL;8160;337;35;106;1;28;17;19;282;656;9641;88774,7000;29869
13/07/2017 00:00:00;PRAIA DO SOL;8682;354;29;111;3;34;15;16;273;425;9942;92786,7500;29870
14/07/2017 00:00:00;PRAIA DO SOL;10331;414;26;136;3;31;33;24;275;439;11712;110502,5500;29871
15/07/2017 00:00:00;PRAIA DO SOL;9913;204;47;96;3;9;8;10;176;506;10972;99690,2000;29872
16/07/2017 00:00:00;PRAIA DO SOL;9959;141;30;83;2;6;7;5;179;312;10724;97067,4000;29873
17/07/2017 00:00:00;PRAIA DO SOL;8490;349;26;144;4;38;16;24;275;545;9911;93064,2500;29874
18/07/2017 00:00:00;PRAIA DO SOL;8138;349;23;111;2;27;10;32;277;527;9496;88542,6500;29875
19/07/2017 00:00:00;PRAIA DO SOL;8474;323;17;118;4;36;16;25;319;422;9754;90919,4000;29876
20/07/2017 00:00:00;PRAIA DO SOL;8680;388;33;122;0;40;19;23;318;481;10104;94736,9500;29877
21/07/2017 00:00:00;PRAIA DO SOL;10693;383;47;121;6;26;18;15;310;630;12249;112581,0000;29878
22/07/2017 00:00:00;PRAIA DO SOL;10266;215;27;92;1;14;1;10;179;680;11485;103308,5000;29879
23/07/2017 00:00:00;PRAIA DO SOL;10684;135;45;69;1;7;5;7;170;511;11634;104203,4500;29880
24/07/2017 00:00:00;PRAIA DO SOL;8749;296;22;114;2;26;18;19;305;487;10038;92608,1500;29881
25/07/2017 00:00:00;PRAIA DO SOL;7986;366;30;115;5;32;16;13;327;458;9348;86809,1000;29882
26/07/2017 00:00:00;PRAIA DO SOL;8293;349;25;112;6;33;13;18;320;633;9802;90121,3500;29883
27/07/2017 00:00:00;PRAIA DO SOL;8574;417;31;126;6;22;22;15;354;469;10036;93306,5500;29884
28/07/2017 00:00:00;PRAIA DO SOL;10829;378;42;152;4;39;23;14;306;573;12360;114950,8500;29885
29/07/2017 00:00:00;PRAIA DO SOL;9669;208;39;99;4;15;10;3;201;296;10544;96568,7000;29886
30/07/2017 00:00:00;PRAIA DO SOL;9973;136;43;96;9;8;3;3;175;238;10684;97183,6000;29887
31/07/2017 00:00:00;PRAIA DO SOL;7928;316;25;131;2;37;25;24;342;458;9288;86894,6000;29888
01/08/2017 00:00:00;PRAIA DO SOL;7294;370;17;145;3;49;16;22;308;535;8759;82818,2500;29889
02/08/2017 00:00:00;PRAIA DO SOL;7309;366;23;107;4;32;27;10;356;559;8793;81116,0500;29890
03/08/2017 00:00:00;PRAIA DO SOL;7532;376;36;126;6;39;20;14;323;529;9001;84074,0500;29891
04/08/2017 00:00:00;PRAIA DO SOL;9303;415;44;106;4;36;18;18;379;663;10986;101068,3500;29892
05/08/2017 00:00:00;PRAIA DO SOL;9581;189;30;84;4;13;8;9;202;656;10776;96609,2000;29893
06/08/2017 00:00:00;PRAIA DO SOL;9333;131;38;62;3;10;2;4;191;534;10308;91638,3000;29894
07/08/2017 00:00:00;PRAIA DO SOL;7612;346;22;120;8;35;8;19;323;608;9101;83876,6000;29895
08/08/2017 00:00:00;PRAIA DO SOL;7223;343;24;122;5;34;20;14;364;543;8692;80365,3500;29896
09/08/2017 00:00:00;PRAIA DO SOL;7502;360;20;110;4;36;21;16;305;559;8933;83127,5500;29897
10/08/2017 00:00:00;PRAIA DO SOL;8002;381;36;121;2;49;14;18;386;564;9573;88783,8000;29898
11/08/2017 00:00:00;PRAIA DO SOL;10006;415;35;115;12;46;20;16;339;589;11593;107700,5500;29899
12/08/2017 00:00:00;PRAIA DO SOL;10370;194;23;73;6;13;5;7;220;736;11647;103584,7000;29900
13/08/2017 00:00:00;PRAIA DO SOL;10624;90;37;53;4;9;5;2;182;628;11634;102690,1000;29901
14/08/2017 00:00:00;PRAIA DO SOL;7829;318;24;120;2;35;16;15;347;582;9288;85353,9000;29902
15/08/2017 00:00:00;PRAIA DO SOL;7501;320;18;113;1;20;18;11;328;570;8900;81295,5000;29903
16/08/2017 00:00:00;PRAIA DO SOL;7356;355;29;116;2;36;9;13;321;586;8823;81326,2000;29904
17/08/2017 00:00:00;PRAIA DO SOL;7375;360;44;94;5;30;9;12;316;597;8842;81082,6500;29905
18/08/2017 00:00:00;PRAIA DO SOL;9653;401;37;115;5;18;16;8;336;654;11243;102526,8000;29906
19/08/2017 00:00:00;PRAIA DO SOL;9356;219;21;76;1;11;2;2;193;724;10605;94315,3000;29907
20/08/2017 00:00:00;PRAIA DO SOL;9764;117;34;56;22;11;1;7;188;582;10782;95757,9000;29908
21/08/2017 00:00:00;PRAIA DO SOL;7812;333;26;105;6;34;10;14;331;506;9177;84475,7000;29909
22/08/2017 00:00:00;PRAIA DO SOL;7062;340;20;99;6;24;9;14;344;333;8251;76406,8500;29910
23/08/2017 00:00:00;PRAIA DO SOL;7326;360;23;110;7;25;16;17;323;339;8546;80002,0500;29911
24/08/2017 00:00:00;PRAIA DO SOL;7824;369;22;99;6;29;17;11;350;425;9152;84556,2500;29912
25/08/2017 00:00:00;PRAIA DO SOL;9508;394;29;103;6;37;17;22;311;612;11039;102051,9000;29913
26/08/2017 00:00:00;PRAIA DO SOL;8518;204;24;82;4;20;10;5;205;441;9513;86373,4500;29914
27/08/2017 00:00:00;PRAIA DO SOL;8459;124;30;61;3;6;5;9;192;529;9418;83750,0500;29915
28/08/2017 00:00:00;PRAIA DO SOL;7526;310;26;98;2;31;9;12;338;639;8991;81476,5500;29916
29/08/2017 00:00:00;PRAIA DO SOL;7030;330;15;114;5;35;14;25;333;562;8463;78465,4000;29917
30/08/2017 00:00:00;PRAIA DO SOL;7194;342;28;123;5;37;12;17;349;581;8688;80264,4500;29918
31/08/2017 00:00:00;PRAIA DO SOL;7515;375;37;113;3;45;18;17;336;566;9025;84036,2000;29919
01/07/2017 00:00:00;TERCEIRA PONTE;72663;297;153;16;9;2;0;0;973;5647;79760;76101,6500;29920
02/07/2017 00:00:00;TERCEIRA PONTE;51469;168;99;22;7;2;0;0;751;2367;54885;53106,6500;29921
03/07/2017 00:00:00;TERCEIRA PONTE;80739;482;66;14;5;2;0;0;1576;7638;90522;85299,1000;29922
04/07/2017 00:00:00;TERCEIRA PONTE;82848;512;56;18;8;2;0;0;1550;8477;93471;87848,6500;29923
05/07/2017 00:00:00;TERCEIRA PONTE;84505;525;90;12;15;2;0;0;1615;9275;96039;89937,7500;29924
06/07/2017 00:00:00;TERCEIRA PONTE;85860;612;89;17;5;0;0;0;1638;9526;97747;91565,2000;29925
07/07/2017 00:00:00;TERCEIRA PONTE;88922;569;119;23;12;4;0;0;1519;9829;100997;94770,5500;29926
08/07/2017 00:00:00;TERCEIRA PONTE;72850;364;156;14;14;0;0;0;861;4162;78421;75754,9000;29927
09/07/2017 00:00:00;TERCEIRA PONTE;51740;199;70;32;4;4;1;0;714;1970;54734;53254,5000;29928
10/07/2017 00:00:00;TERCEIRA PONTE;82275;481;80;16;9;0;0;0;1537;8953;93351;87451,8500;29929
11/07/2017 00:00:00;TERCEIRA PONTE;81968;660;92;33;9;2;0;0;1376;8383;92523;87323,3500;29930
12/07/2017 00:00:00;TERCEIRA PONTE;84165;597;103;18;8;1;0;0;1417;10197;96506;90176,1500;29931
13/07/2017 00:00:00;TERCEIRA PONTE;85598;676;86;32;7;4;1;0;1415;8629;96448;91093,0500;29932
14/07/2017 00:00:00;TERCEIRA PONTE;87886;692;110;31;8;1;0;0;1467;8138;98333;93210,1000;29933
15/07/2017 00:00:00;TERCEIRA PONTE;69994;282;130;20;10;2;0;0;952;4516;75906;72873,2000;29934
16/07/2017 00:00:00;TERCEIRA PONTE;50590;197;73;28;5;1;0;0;730;1878;53502;52036,6000;29935
17/07/2017 00:00:00;TERCEIRA PONTE;79503;513;85;18;6;4;0;0;1489;9557;91175;85039,1500;29936
18/07/2017 00:00:00;TERCEIRA PONTE;79975;609;78;26;4;0;0;0;1467;10069;92228;85927,0500;29937
19/07/2017 00:00:00;TERCEIRA PONTE;81430;549;65;18;2;3;0;0;1533;9181;92781;86826,9500;29938
20/07/2017 00:00:00;TERCEIRA PONTE;83353;561;95;12;9;3;0;0;1502;9549;95084;88980,5500;29939
21/07/2017 00:00:00;TERCEIRA PONTE;85475;566;141;20;12;4;0;0;1502;10132;97852;91477,9000;29940
22/07/2017 00:00:00;TERCEIRA PONTE;67506;281;135;17;6;2;0;1;1004;5196;74148;70685,7000;29941
23/07/2017 00:00:00;TERCEIRA PONTE;52571;167;121;28;11;1;0;0;757;2777;56433;54446,1500;29942
24/07/2017 00:00:00;TERCEIRA PONTE;75561;497;96;18;5;5;0;0;1542;7544;85268;80177,8000;29943
25/07/2017 00:00:00;TERCEIRA PONTE;69272;415;53;17;4;1;0;0;1517;8245;79524;73954,7500;29944
26/07/2017 00:00:00;TERCEIRA PONTE;81070;503;73;12;4;0;0;0;1668;10092;93422;86770,9000;29945
27/07/2017 00:00:00;TERCEIRA PONTE;81207;528;114;14;3;1;0;0;1700;8804;92371;86447,8000;29946
28/07/2017 00:00:00;TERCEIRA PONTE;83639;561;115;11;6;0;0;0;1598;9505;95435;89255,7500;29947
29/07/2017 00:00:00;TERCEIRA PONTE;64941;289;133;6;8;0;0;0;940;3464;69781;67311,3000;29948
30/07/2017 00:00:00;TERCEIRA PONTE;50830;182;93;27;12;3;0;0;754;2044;53945;52370,3000;29949
31/07/2017 00:00:00;TERCEIRA PONTE;80563;465;79;15;8;2;0;0;1634;8068;90834;85311,1000;29950
01/08/2017 00:00:00;TERCEIRA PONTE;81390;554;79;15;9;1;0;0;1627;10016;93691;87190,7000;29951
02/08/2017 00:00:00;TERCEIRA PONTE;82229;670;66;22;8;0;0;0;1496;10356;94847;88410,2000;29952
03/08/2017 00:00:00;TERCEIRA PONTE;83375;691;75;15;14;3;0;0;1459;9352;94984;89162,9000;29953
04/08/2017 00:00:00;TERCEIRA PONTE;89007;737;106;20;6;1;0;2;1379;10674;101932;95531,3000;29954
05/08/2017 00:00:00;TERCEIRA PONTE;73279;440;182;17;10;1;0;0;805;5336;80070;76908,2000;29955
06/08/2017 00:00:00;TERCEIRA PONTE;55176;309;81;27;17;3;0;0;650;3150;59413;57460,0000;29956
07/08/2017 00:00:00;TERCEIRA PONTE;80952;707;109;27;5;2;0;0;1463;10177;93442;87208,1500;29957
08/08/2017 00:00:00;TERCEIRA PONTE;81874;571;68;26;17;1;0;0;1775;10753;95085;88072,8500;29958
09/08/2017 00:00:00;TERCEIRA PONTE;82495;554;85;16;11;6;0;0;1596;10914;95677;88735,8000;29959
10/08/2017 00:00:00;TERCEIRA PONTE;84375;585;106;12;6;3;0;1;1680;10711;97479;90589,9500;29960
11/08/2017 00:00:00;TERCEIRA PONTE;88298;551;131;12;11;7;0;0;1711;9886;100607;94131,2000;29961
12/08/2017 00:00:00;TERCEIRA PONTE;71752;399;132;9;14;2;0;0;900;5054;78262;75085,3000;29962
13/08/2017 00:00:00;TERCEIRA PONTE;56275;178;86;9;9;2;0;0;690;2986;60235;58156,7000;29963
14/08/2017 00:00:00;TERCEIRA PONTE;80816;589;89;9;5;2;0;0;1754;10389;93653;86847,5500;29964
15/08/2017 00:00:00;TERCEIRA PONTE;81854;612;84;24;2;1;0;0;1685;10489;94751;88004,0500;29965
16/08/2017 00:00:00;TERCEIRA PONTE;82934;583;96;17;12;0;0;0;1728;10808;96178;89182,6000;29966
17/08/2017 00:00:00;TERCEIRA PONTE;75899;561;84;13;3;1;0;0;1572;10398;88531;81875,1000;29967
18/08/2017 00:00:00;TERCEIRA PONTE;88943;649;118;13;18;2;0;1;1674;10714;102132;95328,3000;29968
19/08/2017 00:00:00;TERCEIRA PONTE;71210;480;132;20;8;3;0;0;799;5636;78288;74992,2000;29969
20/08/2017 00:00:00;TERCEIRA PONTE;56826;325;98;19;9;4;0;0;623;3511;61415;59293,9500;29970
21/08/2017 00:00:00;TERCEIRA PONTE;80774;674;92;24;8;3;0;0;1557;8854;91986;86344,3000;29971
22/08/2017 00:00:00;TERCEIRA PONTE;83398;645;74;33;12;2;0;1;1599;8023;93787;88546,3500;29972
23/08/2017 00:00:00;TERCEIRA PONTE;83789;618;72;30;8;1;0;0;1719;8287;94524;88972,1500;29973
24/08/2017 00:00:00;TERCEIRA PONTE;84977;554;71;29;13;6;0;0;1832;9601;97083;90648,9500;29974
25/08/2017 00:00:00;TERCEIRA PONTE;88657;673;114;24;8;5;0;1;1630;10079;101191;94823,5500;29975
26/08/2017 00:00:00;TERCEIRA PONTE;70518;463;132;21;9;3;0;0;815;4202;76163;73625,9000;29976
27/08/2017 00:00:00;TERCEIRA PONTE;54386;333;95;25;3;3;0;0;594;3105;58544;56684,7500;29977
28/08/2017 00:00:00;TERCEIRA PONTE;81462;684;91;25;11;3;0;0;1617;10456;94349;87780,7000;29978
29/08/2017 00:00:00;TERCEIRA PONTE;82399;519;77;23;11;1;0;0;1834;10563;95427;88400,8500;29979
30/08/2017 00:00:00;TERCEIRA PONTE;82796;732;80;21;10;0;0;0;1673;10941;96253;89386,4500;29980
31/08/2017 00:00:00;TERCEIRA PONTE;84661;710;99;27;7;4;0;0;1670;10738;97916;91172,6000;29981
01/09/2017 00:00:00;PRAIA DO SOL;9253;404;23;127;6;36;19;12;337;492;10709;99582,9000;29982
02/09/2017 00:00:00;PRAIA DO SOL;9323;214;42;79;2;17;4;8;203;493;10385;93948,8500;29983
03/09/2017 00:00:00;PRAIA DO SOL;8571;133;31;61;6;4;4;3;186;434;9433;84123,8000;29984
04/09/2017 00:00:00;PRAIA DO SOL;7830;344;27;115;6;33;19;20;318;504;9216;85686,3000;29985
05/09/2017 00:00:00;PRAIA DO SOL;7699;357;33;131;3;35;13;19;333;562;9185;85449,4000;29986
06/09/2017 00:00:00;PRAIA DO SOL;11712;410;65;149;8;35;16;21;340;727;13483;124163,6500;29987
07/09/2017 00:00:00;PRAIA DO SOL;14986;174;86;93;12;10;3;5;221;1034;16624;147260,3000;29988
08/09/2017 00:00:00;PRAIA DO SOL;11928;378;45;95;3;27;10;14;251;671;13422;122546,4500;29989
09/09/2017 00:00:00;PRAIA DO SOL;12021;202;39;62;1;15;8;5;176;568;13097;117795,1000;29990
10/09/2017 00:00:00;PRAIA DO SOL;16000;134;68;79;6;9;7;3;181;383;16870;152076,3500;29991
11/09/2017 00:00:00;PRAIA DO SOL;8623;363;29;164;3;35;14;15;308;641;10195;94737,9500;29992
12/09/2017 00:00:00;PRAIA DO SOL;7234;351;15;92;4;36;19;15;343;462;8571;79334,4000;29993
13/09/2017 00:00:00;PRAIA DO SOL;7592;350;17;128;1;27;15;21;365;555;9071;83717,2500;29994
14/09/2017 00:00:00;PRAIA DO SOL;7812;391;34;147;5;38;16;20;361;535;9359;87547,7500;29995
15/09/2017 00:00:00;PRAIA DO SOL;9732;405;33;121;6;29;24;23;358;756;11487;105527,7000;29996
16/09/2017 00:00:00;PRAIA DO SOL;9525;225;39;103;4;19;4;3;211;667;10800;97175,6500;29997
17/09/2017 00:00:00;PRAIA DO SOL;9301;134;69;63;3;8;6;6;193;801;10584;93280,9500;29998
18/09/2017 00:00:00;PRAIA DO SOL;7792;352;28;129;4;37;21;18;338;680;9399;86789,0000;29999
19/09/2017 00:00:00;PRAIA DO SOL;7788;336;26;98;2;36;19;18;330;526;9179;84735,7000;30000
20/09/2017 00:00:00;PRAIA DO SOL;7323;361;34;119;1;29;14;24;341;594;8840;81834,3000;30001
21/09/2017 00:00:00;PRAIA DO SOL;7955;412;27;137;3;28;20;16;396;632;9626;88775,9000;30002
22/09/2017 00:00:00;PRAIA DO SOL;9881;420;40;138;3;38;23;15;363;897;11818;108058,6500;30003
23/09/2017 00:00:00;PRAIA DO SOL;9855;219;43;98;1;14;7;9;235;1544;12025;104084,3000;30004
24/09/2017 00:00:00;PRAIA DO SOL;10326;141;42;76;3;14;5;5;200;983;11795;103572,3500;30005
25/09/2017 00:00:00;PRAIA DO SOL;7903;358;29;145;0;38;21;20;358;550;9422;87772,0000;30006
26/09/2017 00:00:00;PRAIA DO SOL;7419;379;23;129;0;45;25;23;361;539;8943;83898,0500;30007
27/09/2017 00:00:00;PRAIA DO SOL;7293;354;25;128;4;35;13;23;356;635;8866;81985,2500;30008
28/09/2017 00:00:00;PRAIA DO SOL;7858;385;30;111;2;38;24;19;358;549;9374;87277,0500;30009
29/09/2017 00:00:00;PRAIA DO SOL;9927;434;37;148;7;40;28;18;390;672;11701;108663,9000;30010
30/09/2017 00:00:00;PRAIA DO SOL;10465;217;41;95;7;9;8;10;210;714;11776;105736,8000;30011
01/09/2017 00:00:00;TERCEIRA PONTE;89694;608;100;24;9;2;0;0;1890;9519;101846;95441,5500;30043
02/09/2017 00:00:00;TERCEIRA PONTE;76241;345;117;20;15;0;0;0;1041;4730;82509;79325,0000;30044
03/09/2017 00:00:00;TERCEIRA PONTE;53343;201;81;17;13;2;0;0;746;2886;57289;55250,2000;30045
04/09/2017 00:00:00;TERCEIRA PONTE;81840;481;94;8;6;4;0;0;1832;9255;93520;87159,7500;30046
05/09/2017 00:00:00;TERCEIRA PONTE;84491;527;82;17;9;2;0;0;1883;10870;97881;90636,5000;30047
06/09/2017 00:00:00;TERCEIRA PONTE;89046;600;142;47;10;8;0;0;1805;11307;102965;95740,1500;30048
07/09/2017 00:00:00;TERCEIRA PONTE;50564;191;86;16;20;1;0;0;961;3688;55527;52826,6000;30049
08/09/2017 00:00:00;TERCEIRA PONTE;57934;286;59;19;10;1;0;0;1182;4836;64327;60851,7000;30050
09/09/2017 00:00:00;TERCEIRA PONTE;54076;261;96;14;11;1;0;0;948;3514;58921;56391,3000;30051
10/09/2017 00:00:00;TERCEIRA PONTE;50230;168;85;20;5;1;0;0;764;2175;53448;51746,2500;30052
11/09/2017 00:00:00;TERCEIRA PONTE;82406;516;80;30;10;9;0;0;1789;10230;95070;88307,5000;30053
12/09/2017 00:00:00;TERCEIRA PONTE;82173;603;58;14;13;0;0;0;1743;9312;93916;87724,4000;30054
13/09/2017 00:00:00;TERCEIRA PONTE;82590;672;49;39;7;0;0;0;1807;10123;95287;88693,8500;30055
14/09/2017 00:00:00;TERCEIRA PONTE;84161;632;57;21;6;1;0;0;1764;10077;96719;90124,1500;30056
15/09/2017 00:00:00;TERCEIRA PONTE;89472;744;107;38;7;0;0;0;1673;10991;103032;96194,4500;30057
16/09/2017 00:00:00;TERCEIRA PONTE;73735;324;141;19;9;2;0;0;1037;5182;80449;77009,4000;30058
17/09/2017 00:00:00;TERCEIRA PONTE;55576;309;113;47;10;1;0;0;670;3399;60125;58058,0500;30059
18/09/2017 00:00:00;TERCEIRA PONTE;81302;659;86;24;8;3;0;0;1658;9774;93514;87247,3000;30060
19/09/2017 00:00:00;TERCEIRA PONTE;83044;599;60;27;2;0;0;0;1720;9436;94888;88663,2000;30061
20/09/2017 00:00:00;TERCEIRA PONTE;82163;534;84;8;6;1;0;0;1809;10083;94688;87934,3500;30062
21/09/2017 00:00:00;TERCEIRA PONTE;84583;654;79;14;15;2;0;0;1684;10763;97794;90932,8500;30063
22/09/2017 00:00:00;TERCEIRA PONTE;89288;575;100;24;14;1;0;0;1830;10861;102693;95579,4500;30064
23/09/2017 00:00:00;TERCEIRA PONTE;70260;282;166;18;10;2;0;0;1054;5584;77376;73667,8000;30065
24/09/2017 00:00:00;TERCEIRA PONTE;55966;171;104;29;6;3;2;0;766;3581;60628;58196,4500;30066
25/09/2017 00:00:00;TERCEIRA PONTE;80444;586;80;17;12;1;0;0;1720;9185;92045;85948,2500;30067
26/09/2017 00:00:00;TERCEIRA PONTE;81534;539;86;15;7;1;0;0;1755;9890;93827;87254,5000;30068
27/09/2017 00:00:00;TERCEIRA PONTE;83186;587;93;21;12;4;0;0;1763;10410;96076;89287,0000;30069
28/09/2017 00:00:00;TERCEIRA PONTE;86298;606;93;22;7;7;0;0;1681;10708;99422;92576,1000;30070
29/09/2017 00:00:00;TERCEIRA PONTE;89716;679;110;22;13;2;0;0;1791;10643;102976;96128,3500;30071
30/09/2017 00:00:00;TERCEIRA PONTE;73627;337;139;20;18;1;0;0;1038;5165;80345;76933,7500;30072
01/10/2017 00:00:00;PRAIA DO SOL;9659;121;26;67;4;16;2;5;182;453;10535;94292,8500;30196
02/10/2017 00:00:00;PRAIA DO SOL;7637;328;33;129;3;29;17;19;372;661;9228;84530,9500;30197
03/10/2017 00:00:00;PRAIA DO SOL;7458;394;36;120;1;35;15;24;330;636;9049;84172,2000;30198
04/10/2017 00:00:00;PRAIA DO SOL;7186;337;23;113;3;37;16;21;348;329;8413;79048,5500;30199
05/10/2017 00:00:00;PRAIA DO SOL;7809;399;25;138;0;35;31;23;395;526;9381;87962,2000;30200
06/10/2017 00:00:00;PRAIA DO SOL;9818;409;41;175;5;42;24;25;355;782;11676;108766,4000;30201
07/10/2017 00:00:00;PRAIA DO SOL;9659;202;38;97;2;19;9;6;220;680;10932;98228,0000;30202
08/10/2017 00:00:00;PRAIA DO SOL;10582;128;39;68;5;12;8;6;172;694;11714;104225,8000;30203
09/10/2017 00:00:00;PRAIA DO SOL;8546;350;34;157;3;48;17;21;394;738;10308;95066,1000;30204
10/10/2017 00:00:00;PRAIA DO SOL;8316;374;20;134;3;31;23;18;380;652;9951;91650,4000;30205
11/10/2017 00:00:00;PRAIA DO SOL;13168;523;62;186;2;50;29;33;375;794;15222;142592,3000;30206
12/10/2017 00:00:00;PRAIA DO SOL;16481;173;57;103;4;7;7;4;258;794;17888;159381,8000;30207
13/10/2017 00:00:00;PRAIA DO SOL;14250;360;34;122;3;41;17;14;306;764;15911;145131,8000;30208
14/10/2017 00:00:00;PRAIA DO SOL;15562;209;40;89;5;9;4;9;243;783;16953;151354,3500;30209
15/10/2017 00:00:00;PRAIA DO SOL;18834;164;78;113;9;13;2;2;224;753;20192;180740,8500;30210
16/10/2017 00:00:00;PRAIA DO SOL;8926;308;23;141;3;32;15;24;350;370;10192;94909,0000;30211
17/10/2017 00:00:00;PRAIA DO SOL;7316;335;23;115;3;39;25;26;373;371;8626;81107,4500;30212
18/10/2017 00:00:00;PRAIA DO SOL;7784;351;29;101;3;39;27;24;398;617;9373;86405,1500;30213
19/10/2017 00:00:00;PRAIA DO SOL;7886;378;33;139;1;29;20;14;429;620;9549;87552,5000;30214
20/10/2017 00:00:00;PRAIA DO SOL;9888;403;21;112;3;33;24;24;363;700;11571;106349,5000;30215
21/10/2017 00:00:00;PRAIA DO SOL;10599;236;48;108;5;15;6;2;275;717;12011;107428,6500;30216
22/10/2017 00:00:00;PRAIA DO SOL;11909;147;33;75;6;7;0;5;202;827;13211;116607,6500;30217
23/10/2017 00:00:00;PRAIA DO SOL;7976;365;34;117;4;29;20;19;405;655;9624;88054,7500;30218
24/10/2017 00:00:00;PRAIA DO SOL;7385;333;22;122;3;30;19;17;411;525;8867;81509,2500;30219
25/10/2017 00:00:00;PRAIA DO SOL;7515;366;34;120;7;39;21;26;394;658;9180;84927,1000;30220
26/10/2017 00:00:00;PRAIA DO SOL;8207;382;26;144;4;35;24;17;381;605;9825;91270,2500;30221
27/10/2017 00:00:00;PRAIA DO SOL;10107;415;40;132;8;46;25;18;406;652;11849;109686,4000;30222
28/10/2017 00:00:00;PRAIA DO SOL;10057;202;53;87;7;13;5;5;255;568;11252;100830,1000;30223
29/10/2017 00:00:00;PRAIA DO SOL;10366;130;43;64;10;11;4;2;202;619;11451;101588,0500;30224
30/10/2017 00:00:00;PRAIA DO SOL;7936;354;26;145;1;47;21;23;364;638;9555;88951,1000;30225
31/10/2017 00:00:00;PRAIA DO SOL;7699;431;24;124;3;41;15;16;394;584;9331;86568,8000;30226
01/10/2017 00:00:00;TERCEIRA PONTE;57045;169;67;31;7;2;0;0;767;2903;60991;58904,8500;30227
02/10/2017 00:00:00;TERCEIRA PONTE;81148;487;99;18;12;6;0;0;1816;10577;94163;87132,1500;30228
03/10/2017 00:00:00;TERCEIRA PONTE;82643;582;157;22;9;0;0;0;1888;10922;96223;89041,4000;30229
04/10/2017 00:00:00;TERCEIRA PONTE;82940;521;59;18;8;0;0;0;1789;7627;92962;87572,6500;30230
05/10/2017 00:00:00;TERCEIRA PONTE;85743;544;86;25;4;3;0;0;1871;10030;98306;91568,5000;30231
06/10/2017 00:00:00;TERCEIRA PONTE;89244;619;104;26;10;0;0;0;1804;11119;102926;95739,5500;30232
07/10/2017 00:00:00;TERCEIRA PONTE;76701;372;149;14;7;1;0;0;971;5564;83779;80232,3000;30233
08/10/2017 00:00:00;TERCEIRA PONTE;58204;207;102;40;8;1;0;0;765;3564;62891;60514,8000;30234
09/10/2017 00:00:00;TERCEIRA PONTE;82915;558;83;18;7;1;0;0;1848;10738;96168;89059,6000;30235
10/10/2017 00:00:00;TERCEIRA PONTE;85303;616;106;23;5;3;0;0;1883;11091;99030;91775,9500;30236
11/10/2017 00:00:00;TERCEIRA PONTE;90182;656;134;35;12;6;0;0;1813;11691;104529;97108,9500;30237
12/10/2017 00:00:00;TERCEIRA PONTE;59599;234;118;13;8;3;0;0;795;3951;64721;62088,9500;30238
13/10/2017 00:00:00;TERCEIRA PONTE;71410;454;137;15;5;4;0;0;1419;7646;81090;76035,2000;30239
14/10/2017 00:00:00;TERCEIRA PONTE;62778;273;117;21;6;0;0;0;1024;4560;68779;65626,5000;30240
15/10/2017 00:00:00;TERCEIRA PONTE;54777;223;119;34;10;6;0;0;778;3175;59122;56976,2500;30241
16/10/2017 00:00:00;TERCEIRA PONTE;81901;486;89;18;6;4;0;0;1707;6765;90976;86132,7500;30242
17/10/2017 00:00:00;TERCEIRA PONTE;82457;580;67;20;3;1;0;0;1724;7669;92521;87238,5500;30243
18/10/2017 00:00:00;TERCEIRA PONTE;84015;536;78;20;8;0;0;0;1821;10750;97228;90117,5000;30244
19/10/2017 00:00:00;TERCEIRA PONTE;84854;581;102;22;8;1;0;0;1877;10934;98379;91175,3000;30245
20/10/2017 00:00:00;TERCEIRA PONTE;89785;624;113;13;8;2;0;0;1845;11191;103581;96301,4500;30246
21/10/2017 00:00:00;TERCEIRA PONTE;72950;307;173;24;12;2;0;0;1050;5546;80064;76423,2000;30247
22/10/2017 00:00:00;TERCEIRA PONTE;58668;183;117;36;9;3;0;0;751;3527;63294;60934,6500;30248
23/10/2017 00:00:00;TERCEIRA PONTE;80591;511;87;10;11;1;0;1;1829;10423;93464;86495,8500;30249
24/10/2017 00:00:00;TERCEIRA PONTE;82042;539;80;22;5;0;0;0;1907;10400;94995;87996,0000;30250
25/10/2017 00:00:00;TERCEIRA PONTE;83062;552;73;39;9;0;0;0;1838;10939;96512;89333,0500;30251
26/10/2017 00:00:00;TERCEIRA PONTE;85706;541;92;18;15;3;0;0;1910;11365;99650;92136,2500;30252
27/10/2017 00:00:00;TERCEIRA PONTE;89152;591;104;24;12;5;0;0;1843;11188;102919;95640,6000;30253
28/10/2017 00:00:00;TERCEIRA PONTE;73895;325;120;12;12;0;0;0;1000;5269;80633;77156,0500;30254
29/10/2017 00:00:00;TERCEIRA PONTE;61143;230;98;22;12;2;0;0;743;3632;65882;63482,4000;30255
30/10/2017 00:00:00;TERCEIRA PONTE;81538;472;79;5;9;1;0;0;1790;10670;94564;87439,0000;30256
31/10/2017 00:00:00;TERCEIRA PONTE;83186;577;89;21;7;2;0;0;1891;10328;96101;89206,1000;30257
01/12/2017 00:00:00;PRAIA DO SOL;8837;392;21;103;4;37;30;28;391;303;10146;95564,8500;30319
02/12/2017 00:00:00;PRAIA DO SOL;8294;206;13;65;5;17;9;13;249;301;9172;83432,9500;30320
03/12/2017 00:00:00;PRAIA DO SOL;8594;144;22;68;5;6;2;3;180;382;9406;84328,9000;30321
04/12/2017 00:00:00;PRAIA DO SOL;8187;330;29;129;4;38;16;26;379;499;9637;89417,0500;30322
05/12/2017 00:00:00;PRAIA DO SOL;8110;389;29;130;6;46;27;31;402;473;9643;90939,3500;30323
06/12/2017 00:00:00;PRAIA DO SOL;8340;388;33;113;5;48;28;30;407;543;9935;92834,8500;30324
07/12/2017 00:00:00;PRAIA DO SOL;9011;402;42;123;2;42;18;24;388;630;10682;98860,5000;30325
08/12/2017 00:00:00;PRAIA DO SOL;11243;385;45;128;1;47;30;19;329;647;12874;119325,6500;30326
09/12/2017 00:00:00;PRAIA DO SOL;10905;267;44;88;8;18;5;6;234;701;12276;110408,4500;30327
10/12/2017 00:00:00;PRAIA DO SOL;11616;142;32;68;5;11;2;8;196;768;12848;113820,6000;30328
11/12/2017 00:00:00;PRAIA DO SOL;8835;343;40;140;4;35;16;23;372;663;10471;96334,3500;30329
12/12/2017 00:00:00;PRAIA DO SOL;8290;398;42;118;5;56;27;19;381;529;9865;92426,0500;30330
13/12/2017 00:00:00;PRAIA DO SOL;8753;434;43;142;10;49;30;15;364;626;10466;98073,2000;30331
14/12/2017 00:00:00;PRAIA DO SOL;9120;415;44;142;1;58;34;20;374;426;10634;100913,7000;30332
15/12/2017 00:00:00;PRAIA DO SOL;11487;519;44;148;3;51;33;20;371;729;13405;125311,0500;30333
16/12/2017 00:00:00;PRAIA DO SOL;12190;231;53;93;6;26;10;2;240;766;13617;122222,2000;30334
17/12/2017 00:00:00;PRAIA DO SOL;12507;155;48;80;1;19;5;4;213;622;13654;122071,9000;30335
18/12/2017 00:00:00;PRAIA DO SOL;9788;435;39;136;2;56;32;19;361;747;11615;108358,6500;30336
19/12/2017 00:00:00;PRAIA DO SOL;10021;449;49;126;2;58;34;27;417;719;11902;110988,0500;30337
20/12/2017 00:00:00;PRAIA DO SOL;10351;457;36;145;4;51;30;30;392;764;12260;114216,8000;30338
21/12/2017 00:00:00;PRAIA DO SOL;10920;490;51;146;6;60;34;23;394;809;12933;120595,5500;30339
22/12/2017 00:00:00;PRAIA DO SOL;13619;460;65;177;7;58;19;16;407;740;15568;144003,5000;30340
23/12/2017 00:00:00;PRAIA DO SOL;13750;250;56;119;5;27;7;2;239;797;15252;137277,6500;30341
24/12/2017 00:00:00;PRAIA DO SOL;9347;124;22;60;6;11;0;1;231;663;10465;91780,3500;30342
25/12/2017 00:00:00;PRAIA DO SOL;14921;98;20;53;3;14;1;2;203;731;16046;141717,9500;30343
26/12/2017 00:00:00;PRAIA DO SOL;14700;351;56;132;6;46;12;17;365;816;16501;149836,2000;30344
27/12/2017 00:00:00;PRAIA DO SOL;14721;415;64;164;2;55;16;13;393;787;16630;152245,1500;30345
28/12/2017 00:00:00;PRAIA DO SOL;16601;457;74;154;5;49;20;22;426;816;18624;170410,2000;30346
29/12/2017 00:00:00;PRAIA DO SOL;20791;422;83;170;9;36;25;8;413;885;22842;207432,7500;30347
30/12/2017 00:00:00;PRAIA DO SOL;21545;310;75;145;2;24;3;3;265;1009;23381;210099,5500;30348
31/12/2017 00:00:00;PRAIA DO SOL;15352;203;46;67;4;13;1;2;271;992;16951;149359,4000;30349
01/11/2017 00:00:00;TERCEIRA PONTE;88389;550;95;25;12;0;0;0;1749;8734;99554;93660,8000;30350
02/11/2017 00:00:00;TERCEIRA PONTE;52307;145;66;13;12;3;0;0;739;3326;56611;54267,7000;30351
03/11/2017 00:00:00;TERCEIRA PONTE;73969;430;101;15;9;1;0;0;1553;7757;83835;78538,1500;30352
04/11/2017 00:00:00;TERCEIRA PONTE;63700;296;121;19;11;1;0;0;1014;4639;69801;66644,0500;30353
05/11/2017 00:00:00;TERCEIRA PONTE;53690;184;77;22;18;0;0;0;789;3064;57844;55654,3000;30354
06/11/2017 00:00:00;TERCEIRA PONTE;82108;504;95;25;7;1;0;0;1825;9427;93992;87593,6500;30355
07/11/2017 00:00:00;TERCEIRA PONTE;83912;535;76;15;10;1;0;0;1744;10445;96738;89865,2500;30356
08/11/2017 00:00:00;TERCEIRA PONTE;86205;548;81;17;7;2;0;0;1820;9638;98318;91832,6000;30357
09/11/2017 00:00:00;TERCEIRA PONTE;86854;531;93;8;8;2;0;0;1773;8393;97662;91880,3500;30358
10/11/2017 00:00:00;TERCEIRA PONTE;91300;594;119;26;10;4;0;1;1782;9835;103671;97212,2500;30359
11/11/2017 00:00:00;TERCEIRA PONTE;74980;332;108;19;11;0;0;0;979;3582;80011;77496,9000;30360
12/11/2017 00:00:00;TERCEIRA PONTE;52538;195;67;24;11;1;1;0;761;2359;55957;54193,0500;30361
13/11/2017 00:00:00;TERCEIRA PONTE;83067;496;90;14;10;7;0;0;1847;10963;96494;89217,3500;30362
14/11/2017 00:00:00;TERCEIRA PONTE;87841;553;113;29;6;2;0;0;1817;11458;101819;94379,6000;30363
15/11/2017 00:00:00;TERCEIRA PONTE;57472;233;101;14;14;2;0;0;735;4229;62800;60070,5500;30364
16/11/2017 00:00:00;TERCEIRA PONTE;83996;509;113;10;13;2;0;0;1836;11044;97523;90217,3000;30365
17/11/2017 00:00:00;TERCEIRA PONTE;89043;572;116;22;11;1;0;0;1827;11117;102709;95455,6500;30366
18/11/2017 00:00:00;TERCEIRA PONTE;73889;322;139;10;9;2;0;0;1003;5738;81112;77379,6000;30367
19/11/2017 00:00:00;TERCEIRA PONTE;57783;172;109;26;10;0;0;0;792;3885;62777;60136,7500;30368
20/11/2017 00:00:00;TERCEIRA PONTE;82790;573;90;31;8;1;0;0;1760;10007;95260;88687,1500;30369
21/11/2017 00:00:00;TERCEIRA PONTE;84320;549;83;13;10;0;0;0;1795;9983;96753;90093,8500;30370
22/11/2017 00:00:00;TERCEIRA PONTE;84678;501;93;23;9;2;0;0;1864;11034;98204;90879,8000;30371
23/11/2017 00:00:00;TERCEIRA PONTE;86267;487;83;19;8;3;0;0;1703;9040;97610;91518,5000;30372
24/11/2017 00:00:00;TERCEIRA PONTE;90799;559;95;33;8;3;0;1;1825;8724;102047;96118,3000;30373
25/11/2017 00:00:00;TERCEIRA PONTE;77553;291;164;22;9;0;0;0;1021;5653;84713;81008,8500;30374
26/11/2017 00:00:00;TERCEIRA PONTE;58882;200;108;48;17;3;0;0;770;3687;63715;61293,1500;30375
27/11/2017 00:00:00;TERCEIRA PONTE;82416;641;99;51;11;0;0;1;1826;10752;95797;88865,9000;30376
28/11/2017 00:00:00;TERCEIRA PONTE;83714;499;109;18;8;1;0;0;1856;10023;96228;89459,8500;30377
29/11/2017 00:00:00;TERCEIRA PONTE;82032;476;67;13;9;1;0;0;1695;7207;91500;86388,6500;30378
30/11/2017 00:00:00;TERCEIRA PONTE;86109;517;77;15;9;1;0;0;1874;9656;98258;91670,7000;30379
